dependents,education,self_employed,loan_amount_term,credit_history,loan_status,applicantincome,coapplicantincome,loanamount,gender_Female,gender_Male,married_No,married_Yes,property_area_Rural,property_area_Semiurban,property_area_Urban
3,2,2,3,1,1,0.31198322141897894,-0.6137571920193944,-0.18112148240909143,0,1,1,0,0,0,1
2,2,2,3,1,0,-0.07984359317085865,-0.02583567999719701,-0.18112148240909143,0,1,0,1,1,0,0
3,2,1,3,1,1,-0.5697818613349289,-0.6137571920193944,-1.0214606186109159,0,1,0,1,0,0,1
3,1,2,3,1,1,-0.698843300263809,0.305552440174466,-0.2895523386931978,0,1,0,1,0,0,1
3,2,2,3,1,1,0.3587176993044967,-0.6137571920193944,-0.004921340947418556,0,1,1,0,0,0,1
2,2,1,3,1,1,0.17827928468690168,1.0221305164986032,1.702864645527257,0,1,0,1,0,0,1
3,1,2,3,1,1,-0.7762182636504279,-0.02271673298381665,-0.6283987645810303,0,1,0,1,0,0,1
1,2,2,3,0,0,-0.5586398666072558,0.3624732231686575,0.2254942286563075,0,1,0,1,0,1,0
2,2,2,3,1,1,-0.2584250086671748,-0.018818049217091203,0.3610327990114405,0,1,0,1,0,0,1
2,2,2,3,1,0,2.4760061974159338,3.662319163325076,2.8142809224393472,0,1,0,1,0,1,0
2,2,2,3,1,1,-0.5078818906256338,-0.3408493283486131,-0.9672451904688627,0,1,0,1,0,0,1
2,2,2,3,1,1,-0.5471883720260362,2.546515869288253,0.794756224147866,0,1,0,1,0,0,1
3,2,2,3,1,0,-0.924778193352736,0.4934689977306325,-0.3708754809062776,0,1,1,0,1,0,0
2,2,2,2,1,1,-1.0962411122174833,-0.19036013495301085,-1.6855996133510676,0,1,0,1,0,0,1
3,2,2,3,1,1,0.03374285308069775,-0.6137571920193944,-0.22178305351563132,0,1,1,0,0,0,1
3,2,2,3,0,0,-0.41193693602622655,-0.6137571920193944,-0.8859220482557829,1,0,1,0,0,0,1
3,1,2,3,1,0,0.014244362307269812,-0.6137571920193944,-0.11335219723152494,0,1,0,1,1,0,0
3,1,2,3,0,0,0.8724874561916456,-0.6137571920193944,-0.5064140512614106,0,1,0,1,0,0,1
2,2,2,3,1,1,0.34479020589490533,1.5792524267636694,2.3534497832318952,0,1,0,1,0,0,1
3,1,2,3,0,0,-0.693581802753519,0.1312812758018385,-0.343767766835251,0,1,0,1,0,1,0
3,2,1,3,1,1,1.4605371779299485,-0.6137571920193944,0.6727715108282464,0,1,0,1,0,1,0
3,2,2,3,1,1,-0.6319913318977705,0.2646162606238488,-0.2624446246221712,0,1,0,1,0,1,0
2,1,2,3,1,1,-0.1903350408869503,-0.20829408027994792,-0.4250909090483308,0,1,0,1,0,0,1
3,1,2,3,1,0,-1.0519826331603372,-0.6137571920193944,-1.4416301867118282,0,1,1,0,0,0,1
3,2,2,3,1,0,-0.5180953857926676,-0.6137571920193944,-0.9130297623268095,0,1,1,0,0,0,1
2,2,1,3,1,0,-0.046108109134292856,-0.6137571920193944,-0.47930633719038396,0,1,1,0,1,0,0
3,2,2,3,1,1,-0.4150319345616913,0.0361533918937376,-0.3708754809062776,0,1,0,1,0,1,0
1,2,2,3,1,0,2.3704667473565855,0.5558479379982396,2.421219068409462,0,1,1,0,1,0,0
3,2,2,3,1,1,-0.7941692551561235,0.19210074256275547,-0.18112148240909143,0,1,0,1,0,0,1
3,2,2,3,0,0,-0.9325156896913979,-0.09523225104490995,-0.5606294794034637,0,1,0,1,0,0,1
3,2,2,3,1,1,-0.36334545901942994,-0.0449392304541517,0.03574023015912134,1,0,0,1,0,1,0
3,2,2,3,1,1,-0.20890503209973882,2.197193803789653,0.5778945115796532,0,1,1,0,0,0,1
3,1,2,3,1,1,-0.33827597088216543,0.03654326027041014,-0.4250909090483308,0,1,1,0,0,1,0
3,2,2,3,1,0,-0.3840819492070438,-0.6137571920193944,-0.8317066201137298,0,1,1,0,0,0,1
3,2,2,3,1,1,-0.9411816855906991,-0.1408468511155977,-1.2789839022856686,0,1,1,0,0,0,1
3,2,2,3,1,1,-0.27854249914769574,0.29697533588767,-0.09979834019601164,0,1,0,1,0,1,0
3,1,1,3,1,1,-0.045179609573653426,-0.6137571920193944,-0.6148449075455169,0,1,0,1,0,0,1
3,2,2,3,1,1,-0.4428869213808741,-0.6137571920193944,-0.7232757638296233,1,0,1,0,0,0,1
2,2,2,3,1,1,0.2500832507096839,-0.6137571920193944,-1.3196454733922085,0,1,0,1,0,0,1
3,2,2,3,1,1,0.30331722551967766,-0.6137571920193944,0.03574023015912134,0,1,0,1,0,0,1
3,2,2,3,0,0,-0.6796543093439276,0.7273900237341593,-0.2895523386931978,1,0,0,1,0,0,1
3,2,2,3,1,1,-0.26028200778845373,0.2731933649106448,0.03574023015912134,1,0,1,0,0,1,0
3,1,2,3,1,1,-0.9015657043367503,0.027186419230269068,-0.5606294794034637,1,0,0,1,0,1,0
3,2,2,3,1,1,-0.5431648739299321,-0.6137571920193944,-0.2895523386931978,1,0,1,0,0,1,0
3,2,2,3,1,0,-0.1890970414727644,-0.6137571920193944,-0.39798319497730417,1,0,1,0,0,1,0
2,2,2,3,1,0,-0.06963009800382497,-0.6137571920193944,-0.09979834019601164,0,1,0,1,0,0,1
2,2,1,3,0,0,2.0609668938101104,-0.6137571920193944,1.9603879292020097,1,0,0,1,0,0,1
2,2,2,3,1,1,-0.6601558185704997,-0.15878079644253473,-0.6012910505100036,0,1,0,1,0,1,0
3,2,2,3,1,1,-0.8384277342132694,0.0065233952666242006,-0.6148449075455169,0,1,0,1,0,1,0
3,2,2,3,1,0,-0.45650491493691897,0.2439532366602039,-0.08624448316049835,0,1,0,1,1,0,0
2,2,2,3,1,1,1.0024773946811651,0.26344665549383117,0.5236790834376001,0,1,0,1,0,0,1
2,1,2,3,1,1,-0.45929041361883727,0.5008764968874109,0.03574023015912134,0,1,0,1,0,0,1
3,2,2,3,1,1,-0.7245317881081665,0.8661831658295852,-0.2895523386931978,0,1,0,1,0,0,1
1,2,2,3,1,1,-0.5608063655820811,-0.6137571920193944,-0.574183336438977,0,1,0,1,0,0,1
3,1,1,2,0,0,-0.6907963040716008,0.7308988391242123,0.3203712279049006,0,1,0,1,1,0,0
2,2,2,3,0,0,0.03219535381296537,-0.6137571920193944,-0.18112148240909143,0,1,0,1,1,0,0
3,2,2,3,0,0,-0.20890503209973882,-0.6137571920193944,-0.343767766835251,1,0,1,0,0,1,0
3,2,2,3,1,0,0.2739147394327625,1.1776879987909483,1.5808799322076372,0,1,0,1,0,1,0
3,1,2,2,0,0,-0.5078818906256338,0.26500612900052134,-0.20822919648011803,0,1,1,0,0,0,1
2,2,2,3,1,1,1.828842003650254,-0.6137571920193944,2.3127882121253553,0,1,0,1,0,0,1
1,1,1,1,1,1,0.6991675382056195,-0.6137571920193944,-0.22178305351563132,0,1,0,1,0,0,1
3,2,2,3,0,0,-0.16743205172451114,-0.6137571920193944,-0.07269062612498504,1,0,1,0,0,1,0
3,2,2,3,1,1,-0.505405891797262,0.5815792508586276,0.4152482271534937,0,1,0,1,0,0,1
2,1,1,3,1,1,-0.9179691965747135,0.1172460142416269,-0.6012910505100036,0,1,0,1,0,1,0
3,2,2,3,1,1,-0.4150319345616913,-0.6137571920193944,-0.8181527630782164,0,1,1,0,0,1,0
1,1,2,3,0,0,-0.026609618360864916,-0.6137571920193944,-0.6283987645810303,0,1,0,1,0,1,0
1,2,1,3,1,1,0.13154480680138392,0.07786930819769988,0.6185560826861931,0,1,0,1,0,1,0
3,2,2,3,1,0,-0.3376569711750725,-0.6137571920193944,-0.3844293379417909,0,1,1,0,0,0,1
3,2,2,3,1,0,-0.3376569711750725,1.2381175971751928,0.46946365529554684,0,1,1,0,0,0,1
2,2,1,3,1,0,-1.1887815684278793,0.5644250422850356,-0.4250909090483308,0,1,0,1,0,0,1
1,2,2,3,0,0,-0.5180953857926676,0.9457163146707843,0.5236790834376001,0,1,0,1,0,1,0
3,2,2,3,1,1,-0.3079449852346109,-0.6137571920193944,-0.4115370520128175,1,0,1,0,0,1,0
2,2,1,3,1,1,-0.7570292727305464,-0.6137571920193944,-0.18112148240909143,0,1,0,1,0,1,0
2,2,2,3,1,0,-1.0717906237873116,0.11958522450166216,0.34747894197592716,1,0,0,1,0,0,1
2,2,2,3,1,1,-0.2639960060310114,-0.6137571920193944,-1.2383223311791287,0,1,0,1,0,0,1
3,2,2,3,1,1,-0.7660047684833942,0.3729996693388162,-0.07269062612498504,0,1,1,0,0,1,0
3,2,2,3,1,1,-0.7245317881081665,0.21198402977305525,-0.5064140512614106,0,1,0,1,0,1,0
3,2,2,3,1,1,1.1528943235047522,-0.6137571920193944,0.930294794502999,0,1,1,0,0,0,1
3,2,2,3,1,1,0.2643202439728218,1.0108243335750993,0.4559097982600336,0,1,0,1,0,1,0
3,2,2,3,1,1,-0.5827808551838809,0.5168611003309852,-0.14045991130255153,0,1,0,1,0,1,0
2,2,2,2,1,1,0.4360926626911155,1.5905586096871733,0.6321099397217065,0,1,0,1,0,1,0
2,1,2,3,1,1,-0.48528840131674117,0.09580325352463694,-0.8181527630782164,0,1,0,1,0,0,1
3,2,2,3,1,1,-0.2191185272667725,-0.6137571920193944,-0.2624446246221712,0,1,1,0,0,1,0
3,1,2,2,1,1,-0.37789195213611426,-0.6137571920193944,-1.577168757066961,0,1,1,0,0,1,0
3,2,2,3,1,1,-0.7294837857649101,0.28371981108080346,-0.05913676908947175,1,0,0,1,0,1,0
3,2,2,3,1,1,-0.8864002115129731,-0.22505842047686733,-1.2383223311791287,0,1,0,1,0,1,0
3,1,2,2,1,1,-0.20209603532171636,-0.6137571920193944,-0.35732162387076427,0,1,0,1,0,1,0
3,2,2,3,1,1,-0.9538711795861047,0.7667667297780864,-0.14045991130255153,0,1,0,1,0,1,0
2,1,2,2,1,1,-0.17114604996706884,0.6583833210631189,-0.11335219723152494,0,1,0,1,0,0,1
3,2,2,3,1,1,0.0006263687512249021,0.8700818495963106,0.13061722940771442,0,1,1,0,0,1,0
3,2,2,3,1,1,-0.058488103276151865,0.7831412015983332,-0.18112148240909143,0,1,0,1,0,1,0
2,2,2,3,1,1,-0.5536878689505123,-0.21219276404667337,-0.5606294794034637,0,1,0,1,0,0,1
2,2,2,3,1,1,2.035278405965753,-0.17476539988610906,1.1336026500356984,0,1,0,1,0,0,1
2,2,2,3,0,0,-0.32218197849774877,0.7897689640017664,1.0116179367160787,0,1,0,1,0,0,1
1,1,2,3,1,1,-0.8573072252796043,-0.3197964360082957,-0.6419526216165435,0,1,0,1,0,1,0
3,2,2,3,1,1,0.1470197994787077,-0.6137571920193944,-0.07269062612498504,0,1,1,0,0,0,1
3,1,2,3,0,0,-0.3927479451063451,0.9901613096114544,0.1441710864432277,0,1,0,1,1,0,0
2,2,1,3,1,1,0.8078019868004322,-0.6137571920193944,-0.18112148240909143,1,0,1,0,0,1,0
2,2,2,2,1,1,3.0151549422938935,-0.6137571920193944,0.5914483686151666,0,1,0,1,1,0,0
3,2,2,3,1,1,-0.5180953857926676,0.2763123119240251,0.17127880051425431,1,0,0,1,0,1,0
3,2,2,3,1,0,0.22501376257241942,0.2213408708131963,0.4559097982600336,0,1,0,1,1,0,0
3,2,2,3,1,1,1.7229930537373594,-0.6137571920193944,1.5944337892431506,1,0,1,0,0,0,1
3,2,2,3,1,1,-0.20890503209973882,-0.6137571920193944,-1.3196454733922085,1,0,1,0,0,1,0
3,2,2,3,0,1,-0.836880234945537,2.887260830500057,-0.05913676908947175,1,0,1,0,0,1,0
2,2,2,3,1,1,-0.5830903550374273,-0.6137571920193944,-0.8181527630782164,0,1,0,1,0,1,0
3,1,2,3,1,1,-0.16743205172451114,0.1714377185991106,0.7134330819347863,0,1,0,1,1,0,0
3,2,2,3,1,1,-0.30206448801722785,0.02562694572357889,-0.18112148240909143,0,1,1,0,1,0,0
2,2,1,2,0,0,1.7554905383597394,0.8872360581699026,0.2526019427273341,0,1,0,1,0,0,1
3,2,2,3,1,1,-0.8749487169317535,0.1382989065819443,-0.9130297623268095,0,1,1,0,0,0,1
3,2,2,3,1,1,-0.657060820035035,-0.6137571920193944,-0.9672451904688627,0,1,1,0,0,1,0
3,2,1,2,1,1,-0.42772142855709677,-0.6137571920193944,-1.577168757066961,0,1,0,1,0,1,0
3,2,2,3,1,1,0.016720361135641612,-0.6137571920193944,-0.5335217653324371,0,1,1,0,0,1,0
1,2,2,3,1,0,-0.26028200778845373,2.407722727192827,2.014603357344063,0,1,0,1,0,1,0
3,2,2,3,1,0,-0.07984359317085865,-0.6137571920193944,-0.7774911919716765,1,0,0,1,1,0,0
2,2,1,3,1,1,-0.47197990761424274,0.750782126334512,-0.7232757638296233,0,1,0,1,0,0,1
3,2,2,3,0,0,3.1439068813692272,-0.6137571920193944,1.3640182196394246,0,1,1,0,0,1,0
2,1,2,3,1,0,-0.19838203707915866,-0.05624541337765549,-0.16756762537357814,0,1,0,1,1,0,0
2,2,2,3,1,0,0.06221683960697347,0.19833863658951617,0.5914483686151666,0,1,0,1,1,0,0
3,2,2,3,1,1,0.17827928468690168,-0.6137571920193944,0.3610327990114405,0,1,1,0,0,0,1
3,2,1,2,1,1,0.6527425601736482,-0.6137571920193944,0.4559097982600336,0,1,1,0,0,1,0
3,2,2,3,1,1,-0.6632508171059645,0.1792350861325615,-0.2624446246221712,0,1,0,1,0,1,0
2,2,2,2,1,1,2.1405083561715545,-0.6137571920193944,0.6185560826861931,0,1,0,1,0,0,1
3,2,2,3,1,1,-0.7771467632110673,1.135192345733641,-0.5606294794034637,1,0,0,1,0,1,0
2,2,2,3,1,1,3.102743400847546,-0.6137571920193944,-0.9672451904688627,1,0,0,1,0,0,1
2,2,2,3,1,1,-1.0222706472198757,-0.058194755261018215,-1.5093994718893946,0,1,0,1,0,0,1
3,2,2,3,1,0,1.5967171134903975,0.03576352351706505,1.1336026500356984,1,0,1,0,1,0,0
3,2,2,3,1,1,0.005887866261514981,-0.2901664393811823,-0.22178305351563132,0,1,0,1,0,1,0
3,2,2,3,0,0,0.44444915873687035,-0.6137571920193944,-0.3166600527642244,0,1,1,0,1,0,0
3,2,1,3,1,1,-0.7007002993850879,0.8482492205026482,0.1441710864432277,0,1,0,1,1,0,0
3,2,2,3,1,0,1.3385942356326372,-0.6137571920193944,1.3911259337104511,0,1,1,0,0,0,1
2,1,2,3,1,0,-0.7923122560348446,-0.6137571920193944,-0.3844293379417909,0,1,0,1,1,0,0
3,2,2,3,1,1,-0.4911688985341242,-0.6137571920193944,-1.2383223311791287,0,1,1,0,0,0,1
2,2,2,3,1,1,1.453728181151926,-0.6137571920193944,0.6185560826861931,0,1,0,1,0,0,1
3,2,2,3,1,1,-0.07984359317085865,1.5792524267636694,1.5402183611010973,0,1,0,1,0,1,0
3,1,2,3,1,1,-0.9216831948172712,-0.20790421190327538,-0.5877371934744904,0,1,0,1,0,1,0
3,2,2,3,1,0,0.9569809162098333,-0.6137571920193944,1.8112955018113632,0,1,0,1,0,0,1
2,2,2,3,0,0,-0.5422363743692926,-0.11472566987853719,-0.27599848165768454,0,1,0,1,0,1,0
2,2,2,3,1,1,-0.20859553224619234,-0.04961765097422224,0.2254942286563075,0,1,0,1,1,0,0
3,2,2,2,1,1,1.3871857126394338,-0.6137571920193944,-0.8994759052912962,0,1,0,1,0,0,1
3,2,2,3,1,1,-0.35096546487757097,0.620566088525882,0.5507867975086267,0,1,0,1,1,0,0
3,2,2,3,1,0,-0.07984359317085865,-0.6137571920193944,-0.39798319497730417,1,0,0,1,1,0,0
3,2,2,3,1,1,-0.7434112791745016,0.6856741074301971,-0.16756762537357814,0,1,0,1,1,0,0
3,2,2,3,0,0,-0.8059302495908895,-0.6137571920193944,-1.0621221897174558,0,1,1,0,0,1,0
2,2,2,3,1,1,0.9777174063974472,-0.6137571920193944,0.794756224147866,0,1,0,1,0,1,0
1,1,2,2,1,0,-0.40822293778366886,-0.6137571920193944,-0.8181527630782164,0,1,0,1,1,0,0
3,2,2,3,1,1,0.268343742068926,1.5792524267636694,0.6185560826861931,0,1,0,1,0,1,0
3,1,1,3,1,0,-0.15381405816846622,-0.3268140667884015,-0.7368296208651366,0,1,0,1,0,1,0
3,2,2,3,1,1,-0.41596043412233075,0.15194429976548338,-0.343767766835251,0,1,0,1,1,0,0
2,2,2,3,1,1,-0.8653542214718127,0.017439709813455453,-0.5470756223679505,0,1,0,1,1,0,0
1,2,2,3,0,0,0.20891977018800273,3.7917554643803606,4.7931440496242885,0,1,0,1,0,1,0
2,2,2,3,1,1,-0.3376569711750725,-0.6137571920193944,-0.343767766835251,0,1,0,1,0,1,0
3,1,2,3,0,0,-0.7762182636504279,-0.048058177467532055,-0.5335217653324371,0,1,1,0,0,0,1
2,2,2,3,0,0,0.4825176407230868,2.2127885388565547,0.5236790834376001,0,1,0,1,0,0,1
3,2,2,2,1,1,-0.07458209566056857,-0.6137571920193944,-0.9265836193623228,0,1,0,1,0,1,0
3,2,2,3,1,1,-0.3763444528683819,-0.6137571920193944,-0.4521986231193574,1,0,0,1,0,1,0
2,2,1,3,0,0,-0.8241907409501316,-0.6137571920193944,-1.0214606186109159,0,1,0,1,1,0,0
3,2,2,2,1,1,1.3887332119071663,-0.6137571920193944,0.6321099397217065,0,1,0,1,1,0,0
3,1,2,3,1,1,0.013625362600176862,-0.6137571920193944,-1.2654300452501552,0,1,1,0,1,0,0
3,2,2,3,1,0,2.215716820583348,-0.6137571920193944,0.3068173708693873,0,1,1,0,0,1,0
3,1,2,3,1,0,0.3689311944715304,-0.6137571920193944,0.2526019427273341,0,1,0,1,0,0,1
3,2,2,3,1,1,-0.3042309869920532,-0.6137571920193944,-0.8859220482557829,0,1,1,0,0,1,0
3,2,2,3,1,1,-0.20116753576107693,-0.6137571920193944,-0.2895523386931978,0,1,1,0,1,0,0
2,2,2,3,1,0,-0.5310943796416195,0.3932728249257885,0.38814051308246705,0,1,0,1,0,1,0
3,2,2,3,1,1,1.0807808576284235,0.8482492205026482,0.6185560826861931,0,1,1,0,1,0,0
3,1,2,3,1,1,-0.9080652012612264,0.30828151881117377,-0.2895523386931978,1,0,1,0,0,0,1
3,2,1,3,1,0,1.9062169670368727,-0.6137571920193944,-0.7910450490071899,0,1,1,0,0,0,1
2,1,2,3,1,1,-0.693581802753519,0.3609137496619673,-0.6961680497585967,0,1,0,1,0,1,0
2,2,2,3,0,1,0.02538635703494292,-0.6137571920193944,0.3339250849404139,0,1,1,0,0,1,0
1,1,2,2,1,0,-0.2627580066168255,-0.6137571920193944,-0.18112148240909143,0,1,0,1,0,0,1
2,1,2,3,1,1,-0.4150319345616913,-0.1915297400830285,-0.08624448316049835,0,1,0,1,0,0,1
2,1,2,3,1,1,-0.28597049563281113,-0.6137571920193944,-0.2353369105511446,0,1,0,1,0,1,0
3,1,2,3,1,1,-0.1340060675414918,-0.6137571920193944,-0.2895523386931978,1,0,1,0,0,1,0
3,2,2,3,1,1,-0.49426389706958895,-0.6137571920193944,-0.8317066201137298,1,0,1,0,0,0,1
3,1,2,3,1,1,-0.26801950412711556,0.3729996693388162,-1.170553046001562,0,1,1,0,1,0,0
3,2,2,3,1,1,-0.7310312850326425,-0.6137571920193944,-1.116337617859509,0,1,1,0,0,0,1
3,2,2,3,1,0,-0.44041092255250225,-0.6137571920193944,-0.19467533944460472,0,1,1,0,0,1,0
3,2,2,3,1,0,1.5967171134903975,-0.6137571920193944,0.9845102226450522,1,0,1,0,0,1,0
1,2,2,3,0,0,-0.43669692430994456,-0.12642172117871353,-0.18112148240909143,0,1,0,1,0,1,0
2,2,1,3,1,1,0.911793937592048,-0.6137571920193944,1.3369105055683979,0,1,0,1,0,0,1
1,1,1,3,1,1,0.2667962428011936,-0.6137571920193944,-0.15401376833806482,0,1,0,1,1,0,0
3,2,2,3,1,1,-0.5162383866713887,0.5640351739083631,-0.05913676908947175,0,1,0,1,0,0,1
1,1,2,3,1,1,-0.306706985820425,-0.23051657775028297,-0.5606294794034637,0,1,0,1,0,1,0
3,2,2,3,1,0,-1.4518564439423833,0.08800588599118604,-0.08624448316049835,0,1,0,1,1,0,0
3,2,2,3,1,1,-0.3447754678066414,0.07825917657437242,-0.14045991130255153,0,1,0,1,0,1,0
3,2,2,3,0,0,-0.8108822472476331,-0.6137571920193944,-1.1027837608239957,0,1,0,1,0,0,1
2,2,2,3,1,1,-0.25749650910653543,0.05564681072736483,-0.343767766835251,0,1,0,1,0,1,0
3,2,2,3,1,1,-0.5787573570877766,0.4743654472736778,0.03574023015912134,0,1,1,0,0,1,0
3,2,2,3,1,1,0.8471084682008346,-0.21999013158012426,0.4559097982600336,0,1,0,1,0,1,0
3,2,2,3,1,1,0.4360926626911155,-0.6137571920193944,-0.18112148240909143,0,1,0,1,0,1,0
3,2,2,3,1,0,-0.4924068979483101,-0.6137571920193944,0.38814051308246705,0,1,0,1,1,0,0
2,2,2,3,1,1,0.4360926626911155,0.04706970644056885,0.930294794502999,0,1,0,1,0,1,0
3,2,1,3,1,1,0.4825176407230868,-0.6137571920193944,0.794756224147866,0,1,1,0,1,0,0
2,2,2,3,1,1,-0.7273172867900848,0.1870324536660124,-0.5064140512614106,0,1,0,1,0,1,0
3,1,2,3,1,1,-0.5112863890146451,0.3991208505758767,-0.2895523386931978,0,1,1,0,1,0,0
3,2,2,3,1,1,1.0807808576284235,-0.6137571920193944,1.8790647869889299,1,0,1,0,0,1,0
2,2,2,3,1,1,-0.5218093840352253,0.0798186500810626,-0.018475197982931853,0,1,0,1,0,1,0
2,2,2,3,1,1,0.2039677725312591,-0.12252303741198808,0.38814051308246705,0,1,0,1,1,0,0
2,2,2,3,1,1,-0.318467980255191,-0.6137571920193944,-0.39798319497730417,1,0,1,0,1,0,0
2,2,2,3,1,1,-0.47228940746778925,-0.6137571920193944,-0.6148449075455169,0,1,0,1,0,1,0
2,2,2,3,1,1,0.3026982258125847,1.335584691343329,-0.2895523386931978,0,1,0,1,1,0,0
2,1,2,2,1,0,-0.7214367895727017,0.15935179892226173,-0.018475197982931853,0,1,0,1,0,0,1
3,2,2,1,1,1,-0.5806143562090555,1.608882423390783,0.1848326575497676,0,1,1,0,0,0,1
2,2,1,3,1,1,0.4360926626911155,-0.1069283023450863,-0.4521986231193574,0,1,0,1,1,0,0
3,1,2,3,1,1,-0.44412492079506,1.1082914277432354,-0.2488907675866579,0,1,0,1,0,1,0
3,2,1,2,1,0,0.3741926919818205,1.0755424841027417,-0.2895523386931978,0,1,1,0,0,0,1
2,2,2,3,1,1,1.5047956569870944,-0.6137571920193944,-0.39798319497730417,0,1,0,1,0,0,1
2,1,2,2,1,1,0.5468936102607537,-0.6137571920193944,-0.05913676908947175,0,1,0,1,0,0,1
2,2,2,3,1,1,-0.606302844053413,0.10477022618810546,-0.2488907675866579,0,1,0,1,0,1,0
3,2,2,3,1,1,-0.9383961869087809,0.11451693560491907,-0.6961680497585967,0,1,0,1,0,0,1
3,1,2,3,0,0,-0.9820356662588339,0.9028307932368044,0.8083100811833793,0,1,0,1,0,1,0
2,2,2,3,1,0,-0.437625423870584,-0.6137571920193944,-0.045582912053958445,1,0,1,0,0,0,1
3,1,1,3,1,1,-0.698843300263809,0.23108758023000994,-0.5064140512614106,0,1,1,0,1,0,0
2,1,2,2,1,1,-0.674702311687184,2.1546981507323455,1.8655109299534165,0,1,0,1,0,1,0
3,2,1,3,0,0,3.5310911981558677,-0.6137571920193944,0.6863253678637596,0,1,1,0,0,0,1
1,2,2,3,1,1,-0.5440933734905715,-0.6137571920193944,1.5402183611010973,1,0,1,0,1,0,0
3,1,2,3,0,0,0.3726451927140881,-0.6137571920193944,-0.35732162387076427,0,1,1,0,1,0,0
1,2,2,3,1,0,0.1265928091446403,-0.6137571920193944,-0.6419526216165435,0,1,0,1,0,0,1
3,2,2,3,1,0,3.046104927648541,0.20496639899294944,2.204357355841249,0,1,0,1,1,0,0
3,2,2,3,1,1,-0.8607117236686156,0.24746205205025681,-0.09979834019601164,0,1,1,0,0,1,0
2,2,2,1,1,0,-0.42091243177907434,-0.6137571920193944,0.1848326575497676,1,0,1,0,0,1,0
3,2,2,3,1,1,0.7301175235602669,-0.6137571920193944,-0.2895523386931978,1,0,1,0,1,0,0
3,2,1,3,1,1,0.1005948214467364,-0.6137571920193944,-0.18112148240909143,0,1,1,0,0,1,0
3,2,2,3,1,1,-0.23087952170153855,0.7301191023708671,0.13061722940771442,0,1,1,0,1,0,0
2,2,2,3,1,1,-0.04115611147754925,-0.07300975357457491,0.11706337237220113,0,1,0,1,0,1,0
1,2,2,3,0,1,-0.15721855655747746,0.09229443813458403,0.2526019427273341,0,1,0,1,0,0,1
2,2,2,3,1,1,-0.6081598431746918,-0.005562524410224684,-0.6961680497585967,1,0,1,0,0,0,1
3,2,2,3,1,1,-0.4964303960444143,-0.6137571920193944,-1.5093994718893946,1,0,1,0,0,0,1
3,2,2,3,1,1,1.9514039456546581,-0.6137571920193944,-0.07269062612498504,0,1,0,1,0,0,1
3,2,2,3,1,1,-0.6214683368771903,0.11022838346152108,-0.20822919648011803,0,1,1,0,1,0,0
3,2,2,3,1,1,-0.6873918056825895,0.25292020932367243,0.11706337237220113,0,1,0,1,0,1,0
2,2,2,3,1,1,-0.2912319931431012,-0.6137571920193944,-0.6961680497585967,0,1,0,1,0,1,0
2,2,2,3,1,1,-0.6471568247215477,0.10438035781143291,-0.35732162387076427,0,1,0,1,0,1,0
3,2,2,3,1,1,-0.262448506763279,0.6626718732065169,0.8896332233964591,0,1,0,1,0,1,0
3,2,2,3,1,1,-0.5379033764196419,-0.1069283023450863,-0.8317066201137298,0,1,0,1,0,0,1
3,2,2,3,1,1,3.0151549422938935,-0.6137571920193944,3.993466484529004,0,1,0,1,0,1,0
2,1,1,3,0,0,-0.2438785155504905,0.332063489788199,0.2254942286563075,0,1,1,0,0,0,1
3,2,2,3,1,1,-0.2828754970973464,-0.3018624906813586,-0.39798319497730417,0,1,0,1,0,1,0
2,2,2,2,1,1,-0.7861222589639151,-0.229424951051994,-0.8588143341847563,0,1,0,1,0,0,1
3,2,2,3,1,1,-0.9377771872016879,0.03576352351706505,-1.1841069030370754,1,0,1,0,0,0,1
3,2,2,3,1,1,-0.5208808844745858,0.5765109619618846,-0.7097219067941101,0,1,1,0,1,0,0
3,2,1,3,1,0,-0.693581802753519,0.05564681072736483,-0.574183336438977,1,0,1,0,0,1,0
3,2,2,3,1,1,-0.35189396443821036,0.16597956132569497,-0.2895523386931978,0,1,0,1,1,0,0
3,2,2,3,1,1,-0.22190402594869077,-0.6137571920193944,-0.35732162387076427,1,0,1,0,0,1,0
3,2,2,3,1,1,1.4444431855455317,-0.6137571920193944,0.6185560826861931,0,1,1,0,1,0,0
3,2,2,3,1,1,-0.5465693723189433,0.3281648060214736,-0.03202905501844515,0,1,0,1,1,0,0
2,2,2,3,0,0,-0.13648206636986362,-0.6137571920193944,-0.19467533944460472,0,1,0,1,0,1,0
2,2,2,3,1,1,-0.5224283837423183,-0.005562524410224684,-0.09979834019601164,0,1,0,1,0,0,1
3,2,2,3,1,1,-0.7607432709731041,0.6860639758068696,0.4152482271534937,0,1,0,1,0,1,0
2,2,2,3,1,1,0.6295300711576626,-0.6137571920193944,0.794756224147866,0,1,0,1,0,1,0
2,2,2,3,1,1,-0.05415510532650121,-0.6137571920193944,-0.08624448316049835,1,0,0,1,0,0,1
3,2,2,3,1,0,0.04921784575802151,0.37689835310554165,0.13061722940771442,1,0,1,0,1,0,0
2,2,2,3,1,0,-0.8749487169317535,0.5266078097477989,-0.3844293379417909,0,1,0,1,0,0,1
3,1,2,3,0,0,-0.9411816855906991,0.5301166251378517,-0.6555064786520568,0,1,0,1,0,0,1
3,2,2,3,1,1,0.04921784575802151,-0.6137571920193944,-0.12690605426703824,1,0,1,0,1,0,0
2,2,2,3,1,1,-0.9953441599613323,0.08917549112120367,-0.6148449075455169,0,1,0,1,0,0,1
3,2,2,3,1,1,-0.26028200778845373,0.3609137496619673,-0.018475197982931853,0,1,1,0,1,0,0
3,1,2,3,1,0,-0.8792817148814042,-0.6137571920193944,-0.18112148240909143,0,1,1,0,0,0,1
3,2,2,3,1,1,-0.3339429729325148,0.03576352351706505,-0.08624448316049835,1,0,1,0,1,0,0
3,2,2,3,0,0,-0.7554817734628141,0.11256759372155635,-0.5064140512614106,1,0,1,0,0,0,1
3,2,2,3,1,1,-0.5954703491792863,-0.6137571920193944,-0.7774911919716765,1,0,1,0,0,1,0
3,1,2,3,1,1,-0.5923753506438216,0.32387625387807556,-0.4115370520128175,0,1,1,0,0,1,0
3,2,2,3,1,1,-0.7223652891333412,-0.6137571920193944,-1.156999188966049,1,0,1,0,1,0,0
2,1,2,2,1,1,-0.4462914197698853,0.02562694572357889,-0.4115370520128175,0,1,0,1,0,0,1
2,2,2,3,1,1,-0.34787046634210617,-0.6137571920193944,-0.2895523386931978,0,1,0,1,0,1,0
2,2,1,3,1,0,1.5967171134903975,-0.6137571920193944,0.1848326575497676,0,1,0,1,1,0,0
3,2,2,3,1,1,-0.7554817734628141,0.23108758023000994,-0.35732162387076427,0,1,0,1,0,1,0
1,2,2,3,1,1,-0.15443305787555917,-0.5400720688282834,-0.2353369105511446,0,1,0,1,0,1,0
2,1,2,3,1,1,-0.3837724493534973,0.006133526889951656,-0.18112148240909143,0,1,0,1,1,0,0
1,2,2,3,1,1,3.1442163812227735,-0.6137571920193944,2.1501419276991958,0,1,0,1,1,0,0
2,2,1,3,0,0,1.1838443088593997,1.3289569289398957,3.1802350623982063,0,1,0,1,1,0,0
3,2,2,3,0,1,0.02352935791366407,-0.6137571920193944,-0.15401376833806482,0,1,1,0,1,0,0
3,2,1,3,1,1,0.3023887259590382,0.22835850159330212,0.5778945115796532,0,1,0,1,0,1,0
3,2,2,3,1,0,-0.15721855655747746,0.34181019920501265,-0.4250909090483308,1,0,0,1,0,0,1
3,2,2,3,1,1,-0.7245317881081665,-0.6137571920193944,-1.0079067615754025,1,0,1,0,0,0,1
2,2,2,3,1,1,-0.14143406402660721,0.08527680735447822,-0.3302139097997377,0,1,1,0,0,0,1
3,2,2,3,1,1,-0.5898993518154498,-0.6137571920193944,-0.5877371934744904,0,1,1,0,0,1,0
2,2,1,3,1,1,-0.7245317881081665,1.1796373406743113,0.46946365529554684,0,1,0,1,1,0,0
1,1,2,3,0,0,-0.9318966899843049,-0.6137571920193944,-0.18112148240909143,1,0,1,0,0,0,1
3,2,2,3,1,1,-0.21076203122101766,-0.6137571920193944,-0.9536913334333494,1,0,1,0,0,1,0
1,1,2,3,1,0,-0.6790353096368347,0.004963921759934022,0.42880208418900695,0,1,0,1,1,0,0
3,2,2,3,1,0,-0.7622907702408365,-0.6137571920193944,-1.2925377593211818,1,0,1,0,1,0,0
2,1,2,3,1,1,-0.08881908892370644,-0.13460895708883697,0.2254942286563075,0,1,0,1,0,0,1
1,1,2,3,1,1,-0.5162383866713887,-0.6137571920193944,-0.9130297623268095,0,1,0,1,0,1,0
3,2,2,3,1,1,-0.724841287961713,0.34453927784172045,0.2526019427273341,0,1,0,1,0,1,0
2,1,2,3,1,1,-0.5440933734905715,0.23147744860668248,-0.20822919648011803,0,1,0,1,0,0,1
3,2,2,3,1,1,-0.6858443064148572,1.82292016218401,0.6185560826861931,0,1,0,1,1,0,0
3,2,2,3,1,1,1.3129057477882797,-0.6137571920193944,1.1742642211422383,0,1,0,1,0,1,0
3,2,2,3,1,0,1.2098422965573035,1.0108243335750993,2.2585727839833023,0,1,1,0,1,0,0
1,2,2,3,1,1,-0.6731548124194516,0.19833863658951617,-0.6283987645810303,0,1,0,1,1,0,0
3,2,1,3,0,0,0.2039677725312591,-0.6137571920193944,-0.4928601942258973,1,0,0,1,1,0,0
3,2,2,3,1,1,-0.7483632768312451,-0.4168736617997593,-0.15401376833806482,1,0,0,1,0,1,0
2,2,2,3,1,1,1.0807808576284235,0.6209559569025547,0.3203712279049006,0,1,0,1,1,0,0
2,2,2,3,1,0,-0.2989694894817631,-0.6137571920193944,-1.0079067615754025,0,1,0,1,0,0,1
3,1,2,3,0,0,-0.5697818613349289,0.03576352351706505,-0.5606294794034637,0,1,0,1,0,0,1
1,2,2,3,1,1,0.10090432130028287,0.6209559569025547,0.794756224147866,0,1,0,1,0,1,0
2,2,2,3,1,0,-0.03651361367435212,-0.6137571920193944,-0.8181527630782164,1,0,1,0,0,1,0
2,2,2,3,1,1,0.04921784575802151,0.815890145238827,1.2826950774263448,0,1,0,1,0,1,0
3,2,2,3,1,1,-0.02815711762859729,0.2958057307576524,-0.15401376833806482,0,1,0,1,0,0,1
3,2,1,3,1,1,0.6131265789196993,-0.6137571920193944,-0.004921340947418556,0,1,1,0,1,0,0
3,1,2,3,1,0,0.4255696676705354,-0.6137571920193944,-0.11335219723152494,0,1,1,0,1,0,0
3,2,2,3,1,0,-0.7245317881081665,-0.6137571920193944,-0.6148449075455169,0,1,1,0,0,1,0
3,2,2,3,0,0,0.08759582759778443,-0.6137571920193944,-0.2353369105511446,0,1,1,0,1,0,0
2,2,2,3,1,1,0.4593051517071012,-0.6137571920193944,0.4559097982600336,0,1,0,1,0,1,0
3,2,2,3,1,0,4.608150688497601,1.439289679538226,5.809683327287786,0,1,0,1,1,0,0
3,2,1,3,1,1,3.3791267700645484,-0.6137571920193944,-1.170553046001562,1,0,1,0,0,1,0
2,2,2,3,1,1,0.10647531866411943,-0.6137571920193944,0.1848326575497676,0,1,0,1,0,1,0
2,2,1,3,1,1,1.3871857126394338,2.45567653752355,3.23445049054026,0,1,0,1,1,0,0
2,2,2,2,0,0,-0.5505928704150475,0.1609112724289519,-0.4115370520128175,0,1,1,0,0,0,1
3,2,2,2,1,1,-0.007420627440983454,-0.25390868035063563,-0.2895523386931978,0,1,0,1,0,0,1
1,2,2,3,1,1,1.2098422965573035,1.3340252178366387,-0.15401376833806482,0,1,0,1,1,0,0
3,2,2,3,1,0,-0.5484263714402221,-0.6137571920193944,-0.9536913334333494,0,1,1,0,0,0,1
2,2,2,3,1,1,0.17023228849469332,-0.6137571920193944,-0.15401376833806482,0,1,0,1,0,0,1
3,2,2,3,1,1,0.3404572079452547,1.0361657780588147,2.0959264995571427,0,1,1,0,0,1,0
3,2,2,3,1,1,0.3587176993044967,-0.6137571920193944,0.19838651458528092,1,0,1,0,0,0,1
3,2,1,3,1,1,0.7199040283932333,-0.6137571920193944,-0.18112148240909143,0,1,1,0,0,0,1
2,2,2,3,1,0,-0.08510509068114873,-0.6137571920193944,-0.5606294794034637,0,1,0,1,0,0,1
3,1,2,3,1,1,-0.7721947655543236,0.010032210656677103,-0.12690605426703824,0,1,1,0,0,1,0
3,1,2,3,0,0,-0.5666868627994641,0.6088700372257058,-0.18112148240909143,0,1,0,1,0,0,1
3,2,2,3,1,1,-0.7762182636504279,0.3285546743981461,-0.07269062612498504,0,1,0,1,0,0,1
3,2,2,3,1,1,0.20025377428870142,-0.6137571920193944,-0.22178305351563132,0,1,0,1,1,0,0
1,2,2,3,1,1,1.3389037354861837,-0.6137571920193944,0.5914483686151666,0,1,1,0,1,0,0
1,2,2,3,1,1,1.443205186131346,-0.6137571920193944,1.8112955018113632,0,1,0,1,1,0,0
2,1,2,2,1,1,-0.8814482138562294,0.01977892007349072,-0.3844293379417909,0,1,0,1,0,1,0
2,2,2,3,1,1,-0.5388318759802814,-0.06794146467783184,-0.3844293379417909,0,1,0,1,0,0,1
3,2,2,3,0,0,-0.5140718876965634,-0.6137571920193944,-0.9536913334333494,1,0,1,0,0,0,1
3,2,2,3,1,1,-0.5595683661678952,-0.0449392304541517,-0.6283987645810303,0,1,0,1,0,0,1
3,1,2,3,1,1,-0.29061299343600827,0.03576352351706505,-0.43864476608384406,0,1,1,0,1,0,0
3,2,2,3,0,0,-1.0340316416546418,0.08800588599118604,-0.5199679082969239,1,0,1,0,0,1,0
2,1,2,2,0,0,-0.6041363450785877,-0.6137571920193944,-1.3060916163566951,0,1,0,1,0,0,1
3,1,2,3,1,0,-0.6456093254538153,-0.6137571920193944,-1.0350144756464292,0,1,1,0,1,0,0
3,2,2,3,1,1,-0.7245317881081665,7.1836103414315,-0.5199679082969239,0,1,1,0,0,1,0
3,1,2,3,1,1,-0.8907332094626237,-0.6137571920193944,-1.1976607600725888,1,0,1,0,0,1,0
3,2,1,3,1,0,0.8047069882649674,-0.6137571920193944,0.7134330819347863,1,0,1,0,1,0,0
3,2,2,3,1,1,-0.09098558789853176,-0.6137571920193944,-0.35732162387076427,1,0,1,0,0,1,0
3,1,2,3,1,1,-0.8275952393391428,0.32192691199471285,-0.35732162387076427,0,1,0,1,0,0,1
3,1,2,3,1,1,-0.8133582460760049,-0.6137571920193944,-1.0214606186109159,1,0,1,0,1,0,0
2,2,2,3,0,0,1.0705673624613896,-0.6137571920193944,0.1441710864432277,0,1,0,1,0,1,0
2,1,1,3,1,0,-0.3014454883101349,-0.6137571920193944,-1.0756760467529691,1,0,1,0,0,1,0
3,1,2,3,0,0,0.38842968524495836,-0.6137571920193944,1.0387256507871054,0,1,0,1,1,0,0
3,1,2,3,1,1,-0.8009782519341458,0.17884521775588896,-0.4250909090483308,0,1,0,1,1,0,0
3,1,2,3,0,0,-0.8331662367029793,0.6482467432696327,0.4965713693665735,1,0,0,1,0,1,0
3,2,2,3,1,1,-0.5713293606026613,-0.6137571920193944,-1.1027837608239957,1,0,1,0,0,0,1
2,2,2,3,1,0,-0.693581802753519,-0.6137571920193944,0.2526019427273341,1,0,1,0,0,0,1
2,2,1,3,1,0,-1.0030816562999942,7.1836103414315,1.3233566485328847,0,1,0,1,0,0,1
3,2,2,3,1,1,-1.1810440720892175,0.467347816493572,-0.39798319497730417,0,1,0,1,1,0,0
3,2,2,3,1,1,-0.493644897362496,-0.06131370227439857,-0.045582912053958445,0,1,0,1,0,1,0
3,2,2,3,1,1,0.30579322434804945,-0.6137571920193944,-0.045582912053958445,0,1,0,1,1,0,0
3,1,2,3,0,0,-0.656441820327942,-0.6137571920193944,-0.8317066201137298,1,0,1,0,0,0,1
3,2,2,3,1,1,-0.9349916885197697,0.05642654748070992,-0.5606294794034637,0,1,0,1,0,0,1
2,2,2,3,0,0,0.7455925162375907,0.0361533918937376,-0.4250909090483308,0,1,0,1,0,0,1
3,2,2,3,1,1,3.1070763987971968,-0.6137571920193944,-0.6148449075455169,0,1,0,1,0,1,0
3,2,2,3,1,1,-0.6731548124194516,1.0626768276725478,-0.27599848165768454,0,1,0,1,1,0,0
2,1,2,3,1,0,-0.07272509653928973,-0.6137571920193944,-0.8181527630782164,1,0,1,0,1,0,0
2,2,2,3,1,1,0.33860020882397585,-0.6137571920193944,-0.11335219723152494,0,1,0,1,0,1,0
3,2,2,3,1,1,-0.594541849618647,-0.6074725134599435,-0.7368296208651366,0,1,0,1,1,0,0
3,1,2,2,1,1,-0.6573703198885814,-0.6137571920193944,-1.1027837608239957,0,1,1,0,0,0,1
2,2,1,3,1,1,1.1708453150104476,-0.6137571920193944,0.11706337237220113,1,0,1,0,0,1,0
3,2,2,3,0,0,0.5134676260777343,-0.6137571920193944,-0.4928601942258973,0,1,1,0,1,0,0
3,2,2,3,1,1,-0.7477442771241521,0.29853480939436017,0.02218637312360804,0,1,0,1,0,1,0
3,2,2,3,1,1,-0.3376569711750725,-0.6137571920193944,-0.5606294794034637,0,1,1,0,0,0,1
3,2,2,3,1,1,-0.9021847040438433,0.10788917320148582,-1.2383223311791287,0,1,1,0,0,1,0
3,2,2,3,1,1,-0.8133582460760049,-0.17515526826278163,-0.18112148240909143,0,1,0,1,0,0,1
3,2,1,3,0,0,1.7254690525657312,-0.6137571920193944,0.6185560826861931,0,1,1,0,0,0,1
3,1,1,3,1,1,0.7121665320545714,-0.6137571920193944,-0.045582912053958445,1,0,0,1,1,0,0
3,2,2,3,1,1,-0.3655119579942553,1.3605362674503718,0.6185560826861931,0,1,1,0,0,1,0
3,2,2,3,1,1,0.9470769208963461,0.10087154242138001,0.5236790834376001,0,1,0,1,1,0,0
1,1,2,3,1,1,-0.04146561133109573,0.16325048268898718,0.08995565830117452,0,1,1,0,0,1,0
2,2,1,3,1,1,-0.4255549295822715,-0.14201645624561532,-0.15401376833806482,0,1,0,1,1,0,0
2,1,2,3,1,1,-0.058488103276151865,-0.6137571920193944,-0.4250909090483308,0,1,0,1,1,0,0
2,2,2,3,0,0,-0.46455191112912736,0.05291773209065702,0.11706337237220113,0,1,0,1,1,0,0
2,1,2,3,0,0,-0.7836462601355433,-0.12447237929535081,-0.22178305351563132,0,1,0,1,1,0,0
3,2,2,3,0,0,-0.2763760001728704,0.061884704754125545,0.10350951533668783,0,1,0,1,1,0,0
3,2,2,2,0,1,-0.7297932856184566,0.3476582248551008,-0.6961680497585967,0,1,0,1,1,0,0
3,2,1,3,1,1,0.6945250404024224,-0.6137571920193944,-0.7774911919716765,0,1,1,0,0,1,0
2,2,2,3,1,1,-0.3039214871385067,-0.6137571920193944,-0.6148449075455169,0,1,0,1,0,1,0
3,2,2,3,1,1,-0.16712255187096467,-0.6137571920193944,-0.3166600527642244,0,1,0,1,0,0,1
3,2,2,3,1,0,-0.35065596502402446,0.3878146676523729,0.42880208418900695,0,1,0,1,0,0,1
2,2,2,3,1,1,-0.15071905963300147,-0.6137571920193944,-0.07269062612498504,0,1,1,0,1,0,0
3,2,2,3,1,0,1.08109035748197,-0.6137571920193944,0.2526019427273341,0,1,0,1,0,1,0
1,2,2,2,1,1,0.8972474444753636,-0.6137571920193944,-0.18112148240909143,0,1,0,1,0,0,1
3,2,2,3,1,1,-0.5651393635317318,0.23927481614013338,0.15772494347874103,0,1,0,1,1,0,0
3,2,2,3,0,0,-0.20890503209973882,-0.6137571920193944,-0.5877371934744904,0,1,1,0,0,1,0
3,2,2,3,1,1,0.3587176993044967,-0.6137571920193944,-0.018475197982931853,0,1,1,0,1,0,0
1,1,2,2,0,0,-0.5861853535728921,0.034983786763719965,-0.9672451904688627,0,1,0,1,0,0,1
3,2,2,3,1,0,-0.15721855655747746,0.34181019920501265,-0.4250909090483308,0,1,0,1,0,0,1
2,2,1,3,1,1,-0.43050692723901507,0.196779163082826,0.2797096567983607,0,1,0,1,0,1,0
2,1,2,2,0,0,-0.6771783105155558,-0.028954627010577366,-0.3844293379417909,0,1,0,1,1,0,0
1,2,2,3,1,1,-0.04641760898783933,-0.6137571920193944,-0.5606294794034637,0,1,0,1,0,1,0
2,2,2,3,1,1,0.21387176784474632,1.1983510227545933,0.2797096567983607,0,1,1,0,1,0,0
2,2,1,3,1,1,3.6162036578811483,-0.2184306580734341,0.11706337237220113,0,1,0,1,1,0,0
2,2,2,3,1,1,0.5753675967870294,0.0685124671575588,1.201371935213265,0,1,0,1,0,1,0
2,2,1,3,1,1,3.6601526370847477,0.26344665549383117,-0.75038347790065,0,1,0,1,0,1,0
2,2,2,3,1,0,-0.5861853535728921,0.011201815786694738,-0.18112148240909143,0,1,0,1,0,0,1
3,1,2,3,1,1,-0.15195705904718737,-0.6137571920193944,0.17127880051425431,1,0,1,0,1,0,0
1,1,2,3,1,1,-0.5403793752480137,-0.6137571920193944,-0.3844293379417909,0,1,0,1,1,0,0
3,2,2,3,1,1,-0.8535932270370467,0.6143281944991213,-0.18112148240909143,0,1,0,1,0,1,0
3,2,2,3,1,1,1.8545304914946115,-0.6137571920193944,1.255587363355318,0,1,0,1,0,1,0
2,2,2,3,1,1,1.0807808576284235,-0.6137571920193944,1.4182336477814776,0,1,0,1,0,1,0
2,1,2,3,1,1,-0.892280708730356,0.33596217355492447,-0.14045991130255153,0,1,0,1,1,0,0
2,2,2,3,0,0,-0.400485441445007,-0.6137571920193944,-0.8317066201137298,0,1,1,0,1,0,0
2,2,2,3,1,0,4.175779393093175,-0.6137571920193944,4.860913334801856,0,1,0,1,0,0,1
2,2,1,3,1,1,-0.07984359317085865,0.19833863658951617,0.2526019427273341,0,1,0,1,0,1,0
3,2,2,3,1,0,-0.7446492785886875,-0.6137571920193944,-0.8994759052912962,0,1,1,0,0,0,1
3,1,2,3,1,1,-0.35591746253431455,-0.6137571920193944,-0.4250909090483308,0,1,1,0,1,0,0
3,1,1,3,1,1,3.844614549798447,-0.6137571920193944,1.1336026500356984,1,0,1,0,0,1,0
3,2,2,3,0,0,-0.3850104487676832,0.2271888964632845,-0.3031061957287111,0,1,0,1,1,0,0
2,2,2,1,1,1,-0.468884909078778,-0.2578073641173611,-0.4928601942258973,1,0,0,1,0,1,0
3,1,2,3,1,1,-0.693581802753519,0.04901904832393157,-0.4657524801548707,0,1,0,1,1,0,0
2,2,1,3,1,1,-0.6022793459573088,-0.6137571920193944,-0.6283987645810303,0,1,0,1,0,1,0
3,2,2,3,0,0,0.4463061578581492,1.1079015593665629,0.9167409374674856,0,1,1,0,1,0,0
3,2,2,3,1,1,-1.298654016436878,0.8221280392655876,-0.3844293379417909,1,0,1,0,1,0,0
3,2,2,3,1,1,-0.5205713846210394,-0.6137571920193944,-0.5606294794034637,1,0,1,0,0,1,0
2,2,2,3,1,1,0.007435365529247357,1.5788625583869969,0.9031870804319724,0,1,0,1,0,1,0
3,1,2,3,1,1,-0.31784898054809807,-0.03558238941401062,-0.2353369105511446,0,1,0,1,0,1,0
2,2,2,3,1,1,-0.41193693602622655,1.1079015593665629,1.3775720766749378,0,1,0,1,1,0,0
3,2,1,3,1,1,-0.7310312850326425,0.5609162268949828,0.6321099397217065,0,1,0,1,0,0,1
2,2,2,3,1,1,2.6063056357589995,-0.6137571920193944,-1.3738609015342615,1,0,1,0,0,0,1
3,1,2,3,1,0,-0.38470094891413675,-0.11199659124182938,-0.5606294794034637,0,1,1,0,1,0,0
2,2,2,3,1,1,0.3788351897850176,0.16753903483238516,1.472449075923531,0,1,0,1,0,1,0
2,2,2,3,1,1,-0.4821934027812764,0.17962495450923405,0.08995565830117452,0,1,0,1,0,0,1
3,2,2,2,1,0,-0.8390467339203623,1.9851054068797886,-0.9672451904688627,0,1,0,1,0,1,0
3,2,2,3,1,0,0.3014602263983988,0.8155002768621544,2.299234355089842,0,1,1,0,1,0,0
1,2,2,3,1,1,-0.4255549295822715,0.7227116032140888,0.11706337237220113,0,1,0,1,1,0,0
2,2,2,3,1,1,-0.8696872194214634,0.022507998710198533,-0.3844293379417909,1,0,0,1,0,1,0
3,2,2,3,1,0,-0.04889360781621113,0.13284074930852868,0.5914483686151666,0,1,1,0,0,1,0
3,1,2,3,1,0,-0.44598191991633884,-0.6137571920193944,-0.6283987645810303,1,0,1,0,1,0,0
2,1,2,3,1,1,-0.8198577430004809,0.06539352014417844,-1.3060916163566951,0,1,0,1,0,1,0
3,2,2,3,1,1,-0.7245317881081665,-0.6137571920193944,-1.170553046001562,0,1,1,0,0,1,0
1,2,1,3,1,1,0.25874924660898524,-0.058584623637690764,-0.5606294794034637,0,1,0,1,1,0,0
2,2,1,3,1,1,0.9616234140130304,2.180039595216061,4.589836194091589,0,1,0,1,1,0,0
3,2,2,3,1,0,-0.049822107376850555,0.19989811009620637,-0.18112148240909143,0,1,1,0,0,1,0
2,2,1,3,1,1,3.9179660150889615,-0.6137571920193944,3.5055276312505255,0,1,0,1,1,0,0
3,2,2,3,1,1,-0.3299194748364106,-0.6137571920193944,-0.4250909090483308,0,1,0,1,0,1,0
2,1,2,3,0,1,0.13742530401876696,-0.05624541337765549,0.2661557997628474,0,1,0,1,0,1,0
2,1,2,3,1,1,-0.6691313143233475,-0.10614856559174121,-0.6419526216165435,0,1,1,0,0,1,0
3,1,2,3,1,1,0.6010560846313868,-0.6137571920193944,-0.15401376833806482,0,1,1,0,0,1,0
1,2,2,3,1,1,-0.17331254894189416,-0.6137571920193944,-0.5606294794034637,0,1,0,1,0,0,1
2,2,2,3,0,0,-0.3877959474496015,-0.6137571920193944,-0.4250909090483308,0,1,1,0,1,0,0
3,1,1,3,1,1,4.123783417697368,-0.6137571920193944,-0.22178305351563132,1,0,1,0,0,0,1
3,2,2,3,1,1,0.39988117982617793,0.9090686872635652,2.475434496551515,0,1,0,1,0,0,1
2,2,2,3,1,1,-0.3788204516967537,-0.6137571920193944,-0.4657524801548707,0,1,1,0,0,1,0
3,1,2,3,1,0,-0.5954703491792863,-0.40478774212291047,-1.0214606186109159,0,1,0,1,1,0,0
1,2,2,2,1,1,0.4877791382333769,-0.6137571920193944,0.2119403716207942,0,1,0,1,1,0,0
2,2,2,2,1,1,-0.07210609683219678,0.49541833961399523,-0.018475197982931853,1,0,0,1,0,1,0
3,2,2,3,0,0,-0.8365707350919905,-0.6137571920193944,-0.574183336438977,1,0,1,0,0,1,0
2,1,2,3,1,1,-0.8053112498837965,0.3702705907021084,-0.18112148240909143,0,1,0,1,0,0,1
3,2,2,3,1,1,-0.6415858273577112,0.14648614249206773,0.1848326575497676,0,1,0,1,1,0,0
3,1,2,1,1,0,-0.45898091376529077,-0.6137571920193944,-0.8317066201137298,0,1,1,0,0,1,0
3,2,2,3,1,1,-0.7164847919159582,0.08137812358775277,0.049294087194634635,0,1,1,0,1,0,0
3,2,2,3,0,0,0.04921784575802151,-0.6137571920193944,-0.5199679082969239,1,0,1,0,0,1,0
3,2,2,3,1,1,-0.636324329847421,0.1722174553524557,-0.4250909090483308,0,1,0,1,1,0,0
2,2,1,3,0,0,0.5546311065994155,-0.6137571920193944,-0.18112148240909143,0,1,0,1,1,0,0
2,1,2,3,1,1,-0.7270077869365383,0.31218020257789925,-0.18112148240909143,0,1,0,1,1,0,0
2,2,2,3,1,1,-0.46671841010395265,0.6533150321663759,0.2254942286563075,0,1,0,1,0,0,1
3,1,2,3,0,0,-0.7387687813713044,0.2958057307576524,0.5372329404731133,0,1,0,1,0,0,1
3,2,2,2,0,0,-0.3862484481818691,1.0494213028656811,-0.12690605426703824,0,1,0,1,1,0,0
2,2,2,3,1,1,0.1940637772177719,-0.21141302729332828,-1.5636149000314479,0,1,0,1,0,1,0
1,2,1,3,1,1,1.6397375931333575,-0.6137571920193944,1.607987646278664,0,1,0,1,0,1,0
3,2,2,3,1,1,-0.2952554912392054,0.42680150531962735,0.2797096567983607,0,1,0,1,0,1,0
3,2,2,3,1,1,-0.20457203415008815,0.28527928458749363,0.5507867975086267,1,0,0,1,0,1,0
2,1,2,3,1,1,-0.36086946019105814,-0.5194090448646386,-0.4521986231193574,0,1,0,1,0,1,0
2,2,1,3,1,1,4.532013724525169,-0.6137571920193944,6.216299038353185,1,0,0,1,0,1,0
3,2,2,3,1,1,0.33488621058141815,0.1870324536660124,0.9438486515385123,0,1,0,1,1,0,0
3,1,1,3,1,1,0.29681772859520167,-0.6137571920193944,-0.12690605426703824,0,1,1,0,0,1,0
2,2,2,3,0,0,1.225007789381081,-0.6137571920193944,1.5808799322076372,0,1,0,1,0,0,1
3,2,2,3,1,1,-0.46671841010395265,-0.6137571920193944,-0.9672451904688627,0,1,1,0,0,0,1
1,2,2,3,0,0,-0.44598191991633884,0.3609137496619673,-0.2488907675866579,0,1,0,1,1,0,0
3,2,2,3,1,0,-0.7622907702408365,-0.6137571920193944,-1.7940304696351739,1,0,1,0,0,0,1
3,2,2,3,0,0,-0.518404885646214,0.19093113743273785,-0.5064140512614106,0,1,0,1,0,0,1
2,2,2,3,1,1,-0.44072042240604875,0.0685124671575588,0.6050022256506798,0,1,0,1,0,0,1
2,2,2,3,1,1,3.6598431372312015,-0.6137571920193944,1.8112955018113632,0,1,0,1,0,0,1
2,1,2,3,1,0,0.39740518099780614,0.01977892007349072,0.6185560826861931,0,1,0,1,0,1,0
1,2,2,3,1,0,0.4843746398443657,-0.6137571920193944,0.11706337237220113,0,1,0,1,0,1,0
2,2,2,1,1,1,-0.5205713846210394,-0.4340278703733513,-0.4521986231193574,0,1,0,1,0,0,1
3,2,2,3,1,1,-0.4989063948727861,0.4540922916867055,-0.4250909090483308,0,1,1,0,0,0,1
2,2,2,3,1,1,-0.9467526829545357,0.25642902471372536,-0.4657524801548707,0,1,0,1,1,0,0
2,2,2,3,1,1,0.5258476202195933,-0.6137571920193944,0.8625255093254325,0,1,0,1,0,1,0
3,2,2,3,1,0,-0.9300396908630261,12.578219069449501,-0.6961680497585967,0,1,1,0,0,0,1
3,2,2,3,1,1,-0.518404885646214,-0.6137571920193944,-1.4280763296763148,1,0,0,1,0,1,0
2,2,2,3,0,0,-0.6357053301403282,0.13362048606187377,0.06284794423014793,0,1,0,1,1,0,0
2,2,2,1,1,0,-0.1726935492348012,0.5558479379982396,0.4152482271534937,0,1,0,1,1,0,0
3,2,2,3,1,1,-0.787360258378101,-0.02037752272378138,-0.5064140512614106,0,1,0,1,0,0,1
3,1,2,3,1,1,-0.8282142390462357,-0.6137571920193944,-0.9672451904688627,1,0,1,0,0,1,0
2,2,1,3,0,0,-0.6545848212066632,-0.6137571920193944,-0.47930633719038396,0,1,0,1,0,1,0
3,2,2,2,1,1,-0.5697818613349289,0.7180331826940183,-1.156999188966049,0,1,0,1,0,1,0
2,2,1,3,1,0,0.3587176993044967,-0.6137571920193944,0.8625255093254325,0,1,0,1,0,1,0
3,2,2,2,1,1,-0.3039214871385067,0.6728084510000031,0.008632516088094741,0,1,0,1,1,0,0
3,2,1,3,1,1,3.490856217194826,-0.6137571920193944,1.607987646278664,0,1,0,1,0,0,1
3,1,2,3,1,1,-0.3119684833307151,-0.6137571920193944,-0.4250909090483308,0,1,1,0,1,0,0
2,1,1,3,1,0,0.47725614321279675,-0.2238888153468497,0.6185560826861931,0,1,0,1,1,0,0
3,2,1,3,1,1,1.585265618909178,-0.6137571920193944,0.5236790834376001,0,1,0,1,1,0,0
2,2,2,3,1,1,0.2906277315242722,-0.6137571920193944,0.6863253678637596,0,1,0,1,0,0,1
1,2,2,3,1,1,0.2667962428011936,-0.6137571920193944,-0.18112148240909143,0,1,0,1,0,0,1
3,2,2,3,1,1,-0.3605599603375117,1.0630666960492203,0.4152482271534937,0,1,1,0,1,0,0
2,2,2,3,1,1,2.215716820583348,-0.6137571920193944,4.806697906659802,1,0,0,1,0,1,0
3,1,2,2,1,0,-0.7554817734628141,0.8677426393362754,-0.18112148240909143,0,1,0,1,0,0,1
2,2,2,3,1,1,-0.44598191991633884,0.3609137496619673,0.42880208418900695,0,1,0,1,0,1,0
2,1,2,3,1,1,-0.26430550588455787,-0.06365291253443384,0.2119403716207942,0,1,0,1,1,0,0
3,2,2,3,1,1,-0.49797789531214665,0.14648614249206773,-0.4521986231193574,0,1,0,1,1,0,0
3,2,2,3,1,1,-0.6007318466895765,-0.6137571920193944,-0.9536913334333494,1,0,1,0,1,0,0
1,2,2,2,1,1,-0.22747502331252734,-0.6137571920193944,-1.3738609015342615,0,1,0,1,1,0,0
2,2,2,3,1,1,1.0000013958527934,-0.5201887816179837,1.5131106470300708,0,1,0,1,0,0,1
2,2,2,3,1,1,0.848655967468567,-0.6137571920193944,0.6185560826861931,0,1,0,1,0,0,1
3,2,1,3,0,0,-0.07984359317085865,-0.6137571920193944,-0.11335219723152494,1,0,1,0,0,1,0
